Security,GICS Sub-Industry,Headquarters Location
3M,Industrial Conglomerates,"Saint Paul, Minnesota"
A. O. Smith,Building Products,"Milwaukee, Wisconsin"
Abbott,Health Care Equipment,"North Chicago, Illinois"
AbbVie,Biotechnology,"North Chicago, Illinois"
Accenture,IT Consulting & Other Services,"Dublin, Ireland"
Adobe Inc.,Application Software,"San Jose, California"
Advanced Micro Devices,Semiconductors,"Santa Clara, California"
AES Corporation,Independent Power Producers & Energy Traders,"Arlington, Virginia"
Aflac,Life & Health Insurance,"Columbus, Georgia"
Agilent Technologies,Life Sciences Tools & Services,"Santa Clara, California"
Air Products and Chemicals,Industrial Gases,"Allentown, Pennsylvania"
Airbnb,"Hotels, Resorts & Cruise Lines","San Francisco, California"
Akamai,Internet Services & Infrastructure,"Cambridge, Massachusetts"
Albemarle Corporation,Specialty Chemicals,"Charlotte, North Carolina"
Alexandria Real Estate Equities,Office REITs,"Pasadena, California"
Align Technology,Health Care Supplies,"Tempe, Arizona"
Allegion,Building Products,"Dublin, Ireland"
Alliant Energy,Electric Utilities,"Madison, Wisconsin"
Allstate,Property & Casualty Insurance,"Northbrook, Illinois"
Alphabet Inc. (Class A),Interactive Media & Services,"Mountain View, California"
Alphabet Inc. (Class C),Interactive Media & Services,"Mountain View, California"
Altria,Tobacco,"Richmond, Virginia"
Amazon,Broadline Retail,"Seattle, Washington"
Amcor,Paper & Plastic Packaging Products & Materials,"Warmley, Bristol, United Kingdom"
Ameren,Multi-Utilities,"St. Louis, Missouri"
American Airlines Group,Passenger Airlines,"Fort Worth, Texas"
American Electric Power,Electric Utilities,"Columbus, Ohio"
American Express,Consumer Finance,"New York City, New York"
American International Group,Multi-line Insurance,"New York City, New York"
American Tower,Telecom Tower REITs,"Boston, Massachusetts"
American Water Works,Water Utilities,"Camden, New Jersey"
Ameriprise Financial,Asset Management & Custody Banks,"Minneapolis, Minnesota"
Ametek,Electrical Components & Equipment,"Berwyn, Pennsylvania"
Amgen,Biotechnology,"Thousand Oaks, California"
Amphenol,Electronic Components,"Wallingford, Connecticut"
Analog Devices,Semiconductors,"Wilmington, Massachusetts"
Ansys,Application Software,"Canonsburg, Pennsylvania"
Aon,Insurance Brokers,"London, UK"
APA Corporation,Oil & Gas Exploration & Production,"Houston, Texas"
Apple Inc.,"Technology Hardware, Storage & Peripherals","Cupertino, California"
Applied Materials,Semiconductor Materials & Equipment,"Santa Clara, California"
Aptiv,Automotive Parts & Equipment,"Dublin, Ireland"
Arch Capital Group,Property & Casualty Insurance,"Hamilton, Bermuda"
Archer-Daniels-Midland,Agricultural Products & Services,"Chicago, Illinois"
Arista Networks,Communications Equipment,"Santa Clara, California"
Arthur J. Gallagher & Co.,Insurance Brokers,"Rolling Meadows, Illinois"
Assurant,Multi-line Insurance,"Atlanta, Georgia"
AT&T,Integrated Telecommunication Services,"Dallas, Texas"
Atmos Energy,Gas Utilities,"Dallas, Texas"
Autodesk,Application Software,"San Francisco, California"
Automatic Data Processing,Human Resource & Employment Services,"Roseland, New Jersey"
AutoZone,Automotive Retail,"Memphis, Tennessee"
AvalonBay Communities,Multi-Family Residential REITs,"Arlington, Virginia"
Avery Dennison,Paper & Plastic Packaging Products & Materials,"Mentor, Ohio"
Axon Enterprise,Aerospace & Defense,"Scottsdale, Arizona"
Baker Hughes,Oil & Gas Equipment & Services,"Houston, Texas"
Ball Corporation,"Metal, Glass & Plastic Containers","Broomfield, Colorado"
Bank of America,Diversified Banks,"Charlotte, North Carolina"
Bank of New York Mellon,Asset Management & Custody Banks,"New York City, New York"
"Bath & Body Works, Inc.",Other Specialty Retail,"Columbus, Ohio"
Baxter International,Health Care Equipment,"Deerfield, Illinois"
Becton Dickinson,Health Care Equipment,"Franklin Lakes, New Jersey"
Berkshire Hathaway,Multi-Sector Holdings,"Omaha, Nebraska"
Best Buy,Computer & Electronics Retail,"Richfield, Minnesota"
Bio-Rad,Life Sciences Tools & Services,"Hercules, California"
Bio-Techne,Life Sciences Tools & Services,"Minneapolis, Minnesota"
Biogen,Biotechnology,"Cambridge, Massachusetts"
BlackRock,Asset Management & Custody Banks,"New York City, New York"
Blackstone,Asset Management & Custody Banks,"New York City, New York"
Boeing,Aerospace & Defense,"Arlington, Virginia"
Booking Holdings,"Hotels, Resorts & Cruise Lines","Norwalk, Connecticut"
BorgWarner,Automotive Parts & Equipment,"Auburn Hills, Michigan"
Boston Properties,Office REITs,"Boston, Massachusetts"
Boston Scientific,Health Care Equipment,"Marlborough, Massachusetts"
Bristol Myers Squibb,Pharmaceuticals,"New York City, New York"
Broadcom Inc.,Semiconductors,"Palo Alto, California"
Broadridge Financial Solutions,Data Processing & Outsourced Services,"Lake Success, New York"
Brown & Brown,Insurance Brokers,"Daytona Beach, Florida"
Brown–Forman,Distillers & Vintners,"Louisville, Kentucky"
Builders FirstSource,Building Products,"Irving, Texas"
Bunge Global SA,Agricultural Products & Services,"Chesterfield, Missouri"
Cadence Design Systems,Application Software,"San Jose, California"
Caesars Entertainment,Casinos & Gaming,"Reno, Nevada"
Camden Property Trust,Multi-Family Residential REITs,"Houston, Texas"
Campbell Soup Company,Packaged Foods & Meats,"Camden, New Jersey"
Capital One,Consumer Finance,"Tysons Corner, Virginia"
Cardinal Health,Health Care Distributors,"Dublin, Ohio"
CarMax,Automotive Retail,"Richmond, Virginia"
Carnival,"Hotels, Resorts & Cruise Lines","Miami, Florida"
Carrier Global,Building Products,"Palm Beach Gardens, Florida"
Catalent,Pharmaceuticals,"Somerset, New Jersey"
Caterpillar Inc.,Construction Machinery & Heavy Transportation Equipment,"Irving, Texas"
Cboe Global Markets,Financial Exchanges & Data,"Chicago, Illinois"
CBRE Group,Real Estate Services,"Dallas, Texas"
CDW,Technology Distributors,"Vernon Hills, Illinois"
Celanese,Specialty Chemicals,"Irving, Texas"
Cencora,Health Care Distributors,"Conshohocken, Pennsylvania"
Centene Corporation,Managed Health Care,"St. Louis, Missouri"
CenterPoint Energy,Multi-Utilities,"Houston, Texas"
CF Industries,Fertilizers & Agricultural Chemicals,"Deerfield, Illinois"
CH Robinson,Air Freight & Logistics,"Eden Prairie, Minnesota"
Charles River Laboratories,Life Sciences Tools & Services,"Wilmington, Massachusetts"
Charles Schwab Corporation,Investment Banking & Brokerage,"Westlake, Texas"
Charter Communications,Cable & Satellite,"Stamford, Connecticut"
Chevron Corporation,Integrated Oil & Gas,"San Ramon, California"
Chipotle Mexican Grill,Restaurants,"Newport Beach, California"
Chubb Limited,Property & Casualty Insurance,"Zurich, Switzerland"
Church & Dwight,Household Products,"Ewing, New Jersey"
Cigna,Health Care Services,"Bloomfield, Connecticut"
Cincinnati Financial,Property & Casualty Insurance,"Fairfield, Ohio"
Cintas,Diversified Support Services,"Mason, Ohio"
Cisco,Communications Equipment,"San Jose, California"
Citigroup,Diversified Banks,"New York City, New York"
Citizens Financial Group,Regional Banks,"Providence, Rhode Island"
Clorox,Household Products,"Oakland, California"
CME Group,Financial Exchanges & Data,"Chicago, Illinois"
CMS Energy,Multi-Utilities,"Jackson, Michigan"
Coca-Cola Company (The),Soft Drinks & Non-alcoholic Beverages,"Atlanta, Georgia"
Cognizant,IT Consulting & Other Services,"Teaneck, New Jersey"
Colgate-Palmolive,Household Products,"New York City, New York"
Comcast,Cable & Satellite,"Philadelphia, Pennsylvania"
Comerica,Diversified Banks,"Dallas, Texas"
Conagra Brands,Packaged Foods & Meats,"Chicago, Illinois"
ConocoPhillips,Oil & Gas Exploration & Production,"Houston, Texas"
Consolidated Edison,Multi-Utilities,"New York City, New York"
Constellation Brands,Distillers & Vintners,"Victor, New York"
Constellation Energy,Electric Utilities,"Baltimore, Maryland"
CooperCompanies,Health Care Supplies,"San Ramon, California"
Copart,Diversified Support Services,"Dallas, Texas"
Corning Inc.,Electronic Components,"Corning, New York"
Corpay,Transaction & Payment Processing Services,"Atlanta, Georgia"
Corteva,Fertilizers & Agricultural Chemicals,"Indianapolis, Indiana"
CoStar Group,Real Estate Services,"Washington, D.C."
Costco,Consumer Staples Merchandise Retail,"Issaquah, Washington"
Coterra,Oil & Gas Exploration & Production,"Houston, Texas"
Crown Castle,Telecom Tower REITs,"Houston, Texas"
CSX,Rail Transportation,"Jacksonville, Florida"
Cummins,Construction Machinery & Heavy Transportation Equipment,"Columbus, Indiana"
CVS Health,Health Care Services,"Woonsocket, Rhode Island"
Danaher Corporation,Life Sciences Tools & Services,"Washington, D.C."
Darden Restaurants,Restaurants,"Orlando, Florida"
DaVita Inc.,Health Care Services,"Denver, Colorado"
Dayforce,Human Resource & Employment Services,"Minneapolis, Minnesota"
Deckers Brands,Footwear,"Goleta, California"
John Deere,Agricultural & Farm Machinery,"Moline, Illinois"
Delta Air Lines,Passenger Airlines,"Atlanta, Georgia"
Devon Energy,Oil & Gas Exploration & Production,"Oklahoma City, Oklahoma"
Dexcom,Health Care Equipment,"San Diego, California"
Diamondback Energy,Oil & Gas Exploration & Production,"Midland, Texas"
Digital Realty,Data Center REITs,"Austin, Texas"
Discover Financial,Consumer Finance,"Riverwoods, Illinois"
Dollar General,Consumer Staples Merchandise Retail,"Goodlettsville, Tennessee"
Dollar Tree,Consumer Staples Merchandise Retail,"Chesapeake, Virginia"
Dominion Energy,Multi-Utilities,"Richmond, Virginia"
Domino's,Restaurants,"Ann Arbor, Michigan"
Dover Corporation,Industrial Machinery & Supplies & Components,"Downers Grove, Illinois"
Dow Inc.,Commodity Chemicals,"Midland, Michigan"
DR Horton,Homebuilding,"Arlington, Texas"
DTE Energy,Multi-Utilities,"Detroit, Michigan"
Duke Energy,Electric Utilities,"Charlotte, North Carolina"
DuPont,Specialty Chemicals,"Wilmington, Delaware"
Eastman Chemical Company,Specialty Chemicals,"Kingsport, Tennessee"
Eaton Corporation,Electrical Components & Equipment,"Dublin, Ireland"
eBay,Broadline Retail,"San Jose, California"
Ecolab,Specialty Chemicals,"Saint Paul, Minnesota"
Edison International,Electric Utilities,"Rosemead, California"
Edwards Lifesciences,Health Care Equipment,"Irvine, California"
Electronic Arts,Interactive Home Entertainment,"Redwood City, California"
Elevance Health,Managed Health Care,"Indianapolis, Indiana"
Eli Lilly and Company,Pharmaceuticals,"Indianapolis, Indiana"
Emerson Electric,Electrical Components & Equipment,"Ferguson, Missouri"
Enphase,Semiconductor Materials & Equipment,"Fremont, California"
Entergy,Electric Utilities,"New Orleans, Louisiana"
EOG Resources,Oil & Gas Exploration & Production,"Houston, Texas"
EPAM Systems,IT Consulting & Other Services,"Newtown, Pennsylvania"
EQT Corporation,Oil & Gas Exploration & Production,"Pittsburgh, Pennsylvania"
Equifax,Research & Consulting Services,"Atlanta, Georgia"
Equinix,Data Center REITs,"Redwood City, California"
Equity Residential,Multi-Family Residential REITs,"Chicago, Illinois"
Essex Property Trust,Multi-Family Residential REITs,"San Mateo, California"
Estée Lauder Companies (The),Personal Care Products,"New York City, New York"
Etsy,Broadline Retail,"New York City, New York"
Everest Re,Reinsurance,"Hamilton, Bermuda"
Evergy,Electric Utilities,"Kansas City, Missouri"
Eversource,Electric Utilities,"Hartford, Connecticut"
Exelon,Electric Utilities,"Chicago, Illinois"
Expedia Group,"Hotels, Resorts & Cruise Lines","Seattle, Washington"
Expeditors International,Air Freight & Logistics,"Seattle, Washington"
Extra Space Storage,Self-Storage REITs,"Salt Lake City, Utah"
ExxonMobil,Integrated Oil & Gas,"Irving, Texas"
"F5, Inc.",Communications Equipment,"Seattle, Washington"
FactSet,Financial Exchanges & Data,"Norwalk, Connecticut"
Fair Isaac,Application Software,"Bozeman, Montana"
Fastenal,Trading Companies & Distributors,"Winona, Minnesota"
Federal Realty,Retail REITs,"Rockville, Maryland"
FedEx,Air Freight & Logistics,"Memphis, Tennessee"
Fidelity National Information Services,Transaction & Payment Processing Services,"Jacksonville, Florida"
Fifth Third Bank,Diversified Banks,"Cincinnati, Ohio"
First Solar,Semiconductors,"Tempe, Arizona"
FirstEnergy,Electric Utilities,"Akron, Ohio"
Fiserv,Transaction & Payment Processing Services,"Brookfield, Wisconsin"
FMC Corporation,Fertilizers & Agricultural Chemicals,"Philadelphia, Pennsylvania"
Ford Motor Company,Automobile Manufacturers,"Dearborn, Michigan"
Fortinet,Systems Software,"Sunnyvale, California"
Fortive,Industrial Machinery & Supplies & Components,"Everett, Washington"
Fox Corporation (Class A),Broadcasting,"New York City, New York"
Fox Corporation (Class B),Broadcasting,"New York City, New York"
Franklin Templeton,Asset Management & Custody Banks,"San Mateo, California"
Freeport-McMoRan,Copper,"Phoenix, Arizona"
Garmin,Consumer Electronics,"Schaffhausen, Switzerland"
Gartner,IT Consulting & Other Services,"Stamford, Connecticut"
GE Aerospace,Aerospace & Defense,"Evendale, Ohio"
GE HealthCare,Health Care Equipment,"Chicago, Illinois"
GE Vernova,Heavy Electrical Equipment,"Cambridge, Massachusetts"
Gen Digital,Systems Software,"Tempe, Arizona"
Generac,Electrical Components & Equipment,"Waukesha, Wisconsin"
General Dynamics,Aerospace & Defense,"Falls Church, Virginia"
General Mills,Packaged Foods & Meats,"Golden Valley, Minnesota"
General Motors,Automobile Manufacturers,"Detroit, Michigan"
Genuine Parts Company,Distributors,"Atlanta, Georgia"
Gilead Sciences,Biotechnology,"Foster City, California"
Global Payments,Transaction & Payment Processing Services,"Atlanta, Georgia"
Globe Life,Life & Health Insurance,"McKinney, Texas"
Goldman Sachs,Investment Banking & Brokerage,"New York City, New York"
Halliburton,Oil & Gas Equipment & Services,"Houston, Texas"
Hartford (The),Property & Casualty Insurance,"Hartford, Connecticut"
Hasbro,Leisure Products,"Pawtucket, Rhode Island"
HCA Healthcare,Health Care Facilities,"Nashville, Tennessee"
Healthpeak,Health Care REITs,"Denver, Colorado"
Henry Schein,Health Care Distributors,"Melville, New York"
Hershey's,Packaged Foods & Meats,"Hershey, Pennsylvania"
Hess Corporation,Integrated Oil & Gas,"New York City, New York"
Hewlett Packard Enterprise,"Technology Hardware, Storage & Peripherals","Houston, Texas"
Hilton Worldwide,"Hotels, Resorts & Cruise Lines","Tysons Corner, Virginia"
Hologic,Health Care Equipment,"Marlborough, Massachusetts"
Home Depot (The),Home Improvement Retail,"Atlanta, Georgia"
Honeywell,Industrial Conglomerates,"Charlotte, North Carolina"
Hormel Foods,Packaged Foods & Meats,"Austin, Minnesota"
Host Hotels & Resorts,Hotel & Resort REITs,"Bethesda, Maryland"
Howmet Aerospace,Aerospace & Defense,"Pittsburgh, Pennsylvania"
HP Inc.,"Technology Hardware, Storage & Peripherals","Palo Alto, California"
Hubbell Incorporated,Industrial Machinery & Supplies & Components,"Shelton, Connecticut"
Humana,Managed Health Care,"Louisville, Kentucky"
Huntington Bancshares,Regional Banks,"Columbus, Ohio; Detroit, Michigan"
Huntington Ingalls Industries,Aerospace & Defense,"Newport News, Virginia"
IBM,IT Consulting & Other Services,"Armonk, New York"
IDEX Corporation,Industrial Machinery & Supplies & Components,"Lake Forest, Illinois"
Idexx Laboratories,Health Care Equipment,"Westbrook, Maine"
Illinois Tool Works,Industrial Machinery & Supplies & Components,"Glenview, Illinois"
Illumina,Life Sciences Tools & Services,"San Diego, California"
Incyte,Biotechnology,"Wilmington, Delaware"
Ingersoll Rand,Industrial Machinery & Supplies & Components,"Davidson, North Carolina"
Insulet,Health Care Equipment,"Acton, Massachusetts"
Intel,Semiconductors,"Santa Clara, California"
Intercontinental Exchange,Financial Exchanges & Data,"Atlanta, Georgia"
International Flavors & Fragrances,Specialty Chemicals,"New York City, New York"
International Paper,Paper & Plastic Packaging Products & Materials,"Memphis, Tennessee"
Interpublic Group of Companies (The),Advertising,"New York City, New York"
Intuit,Application Software,"Mountain View, California"
Intuitive Surgical,Health Care Equipment,"Sunnyvale, California"
Invesco,Asset Management & Custody Banks,"Atlanta, Georgia"
Invitation Homes,Single-Family Residential REITs,"Dallas, Texas"
IQVIA,Life Sciences Tools & Services,"Durham, North Carolina"
Iron Mountain,Other Specialized REITs,"Boston, Massachusetts"
J.B. Hunt,Cargo Ground Transportation,"Lowell, Arkansas"
Jabil,Electronic Manufacturing Services,"St. Petersburg, Florida"
Jack Henry & Associates,Transaction & Payment Processing Services,"Monett, Missouri"
Jacobs Solutions,Construction & Engineering,"Dallas, Texas"
Johnson & Johnson,Pharmaceuticals,"New Brunswick, New Jersey"
Johnson Controls,Building Products,"Cork, Ireland"
JPMorgan Chase,Diversified Banks,"New York City, New York"
Juniper Networks,Communications Equipment,"Sunnyvale, California"
Kellanova,Packaged Foods & Meats,"Chicago, Illinois"
Kenvue,Personal Care Products,"Skillman, New Jersey"
Keurig Dr Pepper,Soft Drinks & Non-alcoholic Beverages,"Burlington, Massachusetts"
KeyCorp,Regional Banks,"Cleveland, Ohio"
Keysight,Electronic Equipment & Instruments,"Santa Rosa, California"
Kimberly-Clark,Household Products,"Irving, Texas"
Kimco Realty,Retail REITs,"New Hyde Park, New York"
Kinder Morgan,Oil & Gas Storage & Transportation,"Houston, Texas"
KLA Corporation,Semiconductor Materials & Equipment,"Milpitas, California"
Kraft Heinz,Packaged Foods & Meats,"Chicago, Illinois; Pittsburgh, Pennsylvania"
Kroger,Food Retail,"Cincinnati, Ohio"
L3Harris,Aerospace & Defense,"Melbourne, Florida"
LabCorp,Health Care Services,"Burlington, North Carolina"
Lam Research,Semiconductor Materials & Equipment,"Fremont, California"
Lamb Weston,Packaged Foods & Meats,"Eagle, Idaho"
Las Vegas Sands,Casinos & Gaming,"Las Vegas, Nevada"
Leidos,Diversified Support Services,"Reston, Virginia"
Lennar,Homebuilding,"Miami, Florida"
Linde plc,Industrial Gases,"Guildford, United Kingdom"
Live Nation Entertainment,Movies & Entertainment,"Beverly Hills, California"
LKQ Corporation,Distributors,"Chicago, Illinois"
Lockheed Martin,Aerospace & Defense,"Bethesda, Maryland"
Loews Corporation,Multi-line Insurance,"New York City, New York"
Lowe's,Home Improvement Retail,"Mooresville, North Carolina"
Lululemon Athletica,"Apparel, Accessories & Luxury Goods","Vancouver, Canada"
LyondellBasell,Specialty Chemicals,"Rotterdam, Netherlands"
M&T Bank,Regional Banks,"Buffalo, New York"
Marathon Oil,Oil & Gas Exploration & Production,"Houston, Texas"
Marathon Petroleum,Oil & Gas Refining & Marketing,"Findlay, Ohio"
MarketAxess,Financial Exchanges & Data,"New York City, New York"
Marriott International,"Hotels, Resorts & Cruise Lines","Bethesda, Maryland"
Marsh McLennan,Insurance Brokers,"New York City, New York"
Martin Marietta Materials,Construction Materials,"Raleigh, North Carolina"
Masco,Building Products,"Livonia, Michigan"
Mastercard,Transaction & Payment Processing Services,"Harrison, New York"
Match Group,Interactive Media & Services,"Dallas, Texas"
McCormick & Company,Packaged Foods & Meats,"Hunt Valley, Maryland"
McDonald's,Restaurants,"Chicago, Illinois"
McKesson Corporation,Health Care Distributors,"Irving, Texas"
Medtronic,Health Care Equipment,"Dublin, Ireland"
Merck & Co.,Pharmaceuticals,"Kenilworth, New Jersey"
Meta Platforms,Interactive Media & Services,"Menlo Park, California"
MetLife,Life & Health Insurance,"New York City, New York"
Mettler Toledo,Life Sciences Tools & Services,"Columbus, Ohio"
MGM Resorts,Casinos & Gaming,"Paradise, Nevada"
Microchip Technology,Semiconductors,"Chandler, Arizona"
Micron Technology,Semiconductors,"Boise, Idaho"
Microsoft,Systems Software,"Redmond, Washington"
Mid-America Apartment Communities,Multi-Family Residential REITs,"Memphis, Tennessee"
Moderna,Biotechnology,"Cambridge, Massachusetts"
Mohawk Industries,Home Furnishings,"Calhoun, Georgia"
Molina Healthcare,Managed Health Care,"Long Beach, California"
Molson Coors Beverage Company,Brewers,"Chicago, Illinois"
Mondelez International,Packaged Foods & Meats,"Chicago, Illinois"
Monolithic Power Systems,Semiconductors,"Kirkland, Washington"
Monster Beverage,Soft Drinks & Non-alcoholic Beverages,"Corona, California"
Moody's Corporation,Financial Exchanges & Data,"New York City, New York"
Morgan Stanley,Investment Banking & Brokerage,"New York City, New York"
Mosaic Company (The),Fertilizers & Agricultural Chemicals,"Tampa, Florida"
Motorola Solutions,Communications Equipment,"Chicago, Illinois"
MSCI,Financial Exchanges & Data,"New York City, New York"
"Nasdaq, Inc.",Financial Exchanges & Data,"New York City, New York"
NetApp,"Technology Hardware, Storage & Peripherals","San Jose, California"
Netflix,Movies & Entertainment,"Los Gatos, California"
Newmont,Gold,"Denver, Colorado"
News Corp (Class A),Publishing,"New York City, New York"
News Corp (Class B),Publishing,"New York City, New York"
NextEra Energy,Multi-Utilities,"Juno Beach, Florida"
"Nike, Inc.","Apparel, Accessories & Luxury Goods","Washington County, Oregon"
NiSource,Multi-Utilities,"Merrillville, Indiana"
Nordson Corporation,Industrial Machinery & Supplies & Components,"Westlake, Ohio"
Norfolk Southern Railway,Rail Transportation,"Atlanta, Georgia"
Northern Trust,Asset Management & Custody Banks,"Chicago, Illinois"
Northrop Grumman,Aerospace & Defense,"West Falls Church, Virginia"
Norwegian Cruise Line Holdings,"Hotels, Resorts & Cruise Lines","Miami, Florida"
NRG Energy,Independent Power Producers & Energy Traders,"Houston, Texas"
Nucor,Steel,"Charlotte, North Carolina"
Nvidia,Semiconductors,"Santa Clara, California"
"NVR, Inc.",Homebuilding,"Reston, Virginia"
NXP Semiconductors,Semiconductors,"Eindhoven, Netherlands"
O'Reilly Auto Parts,Automotive Retail,"Springfield, Missouri"
Occidental Petroleum,Oil & Gas Exploration & Production,"Houston, Texas"
Old Dominion,Cargo Ground Transportation,"Thomasville, North Carolina"
Omnicom Group,Advertising,"New York City, New York"
ON Semiconductor,Semiconductors,"Phoenix, Arizona"
ONEOK,Oil & Gas Storage & Transportation,"Tulsa, Oklahoma"
Oracle Corporation,Application Software,"Austin, Texas"
Otis Worldwide,Industrial Machinery & Supplies & Components,"Farmington, Connecticut"
Paccar,Construction Machinery & Heavy Transportation Equipment,"Bellevue, Washington"
Packaging Corporation of America,Paper & Plastic Packaging Products & Materials,"Lake Forest, Illinois"
Palo Alto Networks,Systems Software,"Santa Clara, California"
Paramount Global,Movies & Entertainment,"New York City, New York"
Parker Hannifin,Industrial Machinery & Supplies & Components,"Cleveland, Ohio"
Paychex,Human Resource & Employment Services,"Penfield, New York"
Paycom,Human Resource & Employment Services,"Oklahoma City, Oklahoma"
PayPal,Transaction & Payment Processing Services,"San Jose, California"
Pentair,Industrial Machinery & Supplies & Components,"Worsley, United Kingdom"
PepsiCo,Soft Drinks & Non-alcoholic Beverages,"Purchase, New York"
Pfizer,Pharmaceuticals,"New York City, New York"
PG&E Corporation,Multi-Utilities,"San Francisco, California"
Philip Morris International,Tobacco,"New York City, New York"
Phillips 66,Oil & Gas Refining & Marketing,"Houston, Texas"
Pinnacle West,Multi-Utilities,"Phoenix, Arizona"
PNC Financial Services,Regional Banks,"Pittsburgh, Pennsylvania"
Pool Corporation,Distributors,"Covington, Louisiana"
PPG Industries,Specialty Chemicals,"Pittsburgh, Pennsylvania"
PPL Corporation,Electric Utilities,"Allentown, Pennsylvania"
Principal Financial Group,Life & Health Insurance,"Des Moines, Iowa"
Procter & Gamble,Personal Care Products,"Cincinnati, Ohio"
Progressive Corporation,Property & Casualty Insurance,"Mayfield Village, Ohio"
Prologis,Industrial REITs,"San Francisco, California"
Prudential Financial,Life & Health Insurance,"Newark, New Jersey"
Public Service Enterprise Group,Electric Utilities,"Newark, New Jersey"
PTC,Application Software,"Boston, Massachusetts"
Public Storage,Self-Storage REITs,"Glendale, California"
PulteGroup,Homebuilding,"Atlanta, Georgia"
Qorvo,Semiconductors,"Greensboro, North Carolina"
Quanta Services,Construction & Engineering,"Houston, Texas"
Qualcomm,Semiconductors,"San Diego, California"
Quest Diagnostics,Health Care Services,"Secaucus, New Jersey"
Ralph Lauren Corporation,"Apparel, Accessories & Luxury Goods","New York City, New York"
Raymond James,Investment Banking & Brokerage,"St. Petersburg, Florida"
RTX Corporation,Aerospace & Defense,"Waltham, Massachusetts"
Realty Income,Retail REITs,"San Diego, California"
Regency Centers,Retail REITs,"Jacksonville, Florida"
Regeneron,Biotechnology,"Tarrytown, New York"
Regions Financial Corporation,Regional Banks,"Birmingham, Alabama"
Republic Services,Environmental & Facilities Services,"Phoenix, Arizona"
ResMed,Health Care Equipment,"San Diego, California"
Revvity,Health Care Equipment,"Waltham, Massachusetts"
Robert Half,Human Resource & Employment Services,"Menlo Park, California"
Rockwell Automation,Electrical Components & Equipment,"Milwaukee, Wisconsin"
"Rollins, Inc.",Environmental & Facilities Services,"Atlanta, Georgia"
Roper Technologies,Electronic Equipment & Instruments,"Sarasota, Florida"
Ross Stores,Apparel Retail,"Dublin, California"
Royal Caribbean Group,"Hotels, Resorts & Cruise Lines","Miami, Florida"
S&P Global,Financial Exchanges & Data,"New York City, New York"
Salesforce,Application Software,"San Francisco, California"
SBA Communications,Telecom Tower REITs,"Boca Raton, Florida"
Schlumberger,Oil & Gas Equipment & Services,"Houston, Texas"
Seagate Technology,"Technology Hardware, Storage & Peripherals","Dublin, Ireland"
Sempra Energy,Multi-Utilities,"San Diego, California"
ServiceNow,Systems Software,"Santa Clara, California"
Sherwin-Williams,Specialty Chemicals,"Cleveland, Ohio"
Simon Property Group,Retail REITs,"Indianapolis, Indiana"
Skyworks Solutions,Semiconductors,"Irvine, California"
J.M. Smucker Company (The),Packaged Foods & Meats,"Orrville, Ohio"
Snap-on,Industrial Machinery & Supplies & Components,"Kenosha, Wisconsin"
Solventum,Health Care Technology,"Saint Paul, Minnesota"
Southern Company,Electric Utilities,"Atlanta, Georgia"
Southwest Airlines,Passenger Airlines,"Dallas, Texas"
Stanley Black & Decker,Industrial Machinery & Supplies & Components,"New Britain, Connecticut"
Starbucks,Restaurants,"Seattle, Washington"
State Street Corporation,Asset Management & Custody Banks,"Boston, Massachusetts"
Steel Dynamics,Steel,"Fort Wayne, Indiana"
Steris,Health Care Equipment,"Dublin, Ireland"
Stryker Corporation,Health Care Equipment,"Kalamazoo, Michigan"
Supermicro,"Technology Hardware, Storage & Peripherals","San Jose, California"
Synchrony Financial,Consumer Finance,"Stamford, Connecticut"
Synopsys,Application Software,"Sunnyvale, California"
Sysco,Food Distributors,"Houston, Texas"
T-Mobile US,Wireless Telecommunication Services,"Bellevue, Washington"
T. Rowe Price,Asset Management & Custody Banks,"Baltimore, Maryland"
Take-Two Interactive,Interactive Home Entertainment,"New York City, New York"
"Tapestry, Inc.","Apparel, Accessories & Luxury Goods","New York City, New York"
Targa Resources,Oil & Gas Storage & Transportation,"Houston, Texas"
Target Corporation,Consumer Staples Merchandise Retail,"Minneapolis, Minnesota"
TE Connectivity,Electronic Manufacturing Services,"Schaffhausen, Switzerland"
Teledyne Technologies,Electronic Equipment & Instruments,"Thousand Oaks, California"
Teleflex,Health Care Equipment,"Wayne, Pennsylvania"
Teradyne,Semiconductor Materials & Equipment,"North Reading, Massachusetts"
"Tesla, Inc.",Automobile Manufacturers,"Austin, Texas"
Texas Instruments,Semiconductors,"Dallas, Texas"
Textron,Aerospace & Defense,"Providence, Rhode Island"
Thermo Fisher Scientific,Life Sciences Tools & Services,"Waltham, Massachusetts"
TJX Companies,Apparel Retail,"Framingham, Massachusetts"
Tractor Supply,Other Specialty Retail,"Brentwood, Tennessee"
Trane Technologies,Building Products,"Dublin, Ireland"
TransDigm Group,Aerospace & Defense,"Cleveland, Ohio"
Travelers Companies (The),Property & Casualty Insurance,"New York City, New York"
Trimble Inc.,Electronic Equipment & Instruments,"Westminster, Colorado"
Truist,Regional Banks,"Charlotte, North Carolina"
Tyler Technologies,Application Software,"Plano, Texas"
Tyson Foods,Packaged Foods & Meats,"Springdale, Arkansas"
U.S. Bank,Diversified Banks,"Minneapolis, Minnesota"
Uber,Passenger Ground Transportation,"San Francisco, California"
"UDR, Inc.",Multi-Family Residential REITs,"Highlands Ranch, Colorado"
Ulta Beauty,Other Specialty Retail,"Bolingbrook, Illinois"
Union Pacific Corporation,Rail Transportation,"Omaha, Nebraska"
United Airlines Holdings,Passenger Airlines,"Chicago, Illinois"
United Parcel Service,Air Freight & Logistics,"Sandy Springs, Georgia"
United Rentals,Trading Companies & Distributors,"Stamford, Connecticut"
UnitedHealth Group,Managed Health Care,"Minnetonka, Minnesota"
Universal Health Services,Health Care Facilities,"King of Prussia, Pennsylvania"
Valero Energy,Oil & Gas Refining & Marketing,"San Antonio, Texas"
Ventas,Health Care REITs,"Chicago, Illinois"
Veralto,Environmental & Facilities Services,"Waltham, Massachusetts"
Verisign,Internet Services & Infrastructure,"Dulles, Virginia"
Verisk,Research & Consulting Services,"Jersey City, New Jersey"
Verizon,Integrated Telecommunication Services,"New York City, New York"
Vertex Pharmaceuticals,Biotechnology,"Cambridge, Massachusetts"
Viatris,Pharmaceuticals,"Pittsburgh, Pennsylvania"
Vici Properties,Hotel & Resort REITs,"New York City, New York"
Visa Inc.,Transaction & Payment Processing Services,"San Francisco, California"
Vistra,Electric Utilities,"Irving, Texas"
Vulcan Materials Company,Construction Materials,"Birmingham, Alabama"
W. R. Berkley Corporation,Property & Casualty Insurance,"Greenwich, Connecticut"
W. W. Grainger,Industrial Machinery & Supplies & Components,"Lake Forest, Illinois"
Wabtec,Construction Machinery & Heavy Transportation Equipment,"Pittsburgh, Pennsylvania"
Walgreens Boots Alliance,Drug Retail,"Deerfield, Illinois"
Walmart,Consumer Staples Merchandise Retail,"Bentonville, Arkansas"
Walt Disney Company (The),Movies & Entertainment,"Burbank, California"
Warner Bros. Discovery,Broadcasting,"New York City, New York"
Waste Management,Environmental & Facilities Services,"Houston, Texas"
Waters Corporation,Life Sciences Tools & Services,"Milford, Massachusetts"
WEC Energy Group,Electric Utilities,"Milwaukee, Wisconsin"
Wells Fargo,Diversified Banks,"San Francisco, California"
Welltower,Health Care REITs,"Toledo, Ohio"
West Pharmaceutical Services,Health Care Supplies,"Exton, Pennsylvania"
Western Digital,"Technology Hardware, Storage & Peripherals","San Jose, California"
WestRock,Paper & Plastic Packaging Products & Materials,"Atlanta, Georgia"
Weyerhaeuser,Timber REITs,"Seattle, Washington"
Williams Companies,Oil & Gas Storage & Transportation,"Tulsa, Oklahoma"
Willis Towers Watson,Insurance Brokers,"London, United Kingdom"
Wynn Resorts,Casinos & Gaming,"Paradise, Nevada"
Xcel Energy,Multi-Utilities,"Minneapolis, Minnesota"
Xylem Inc.,Industrial Machinery & Supplies & Components,"White Plains, New York"
Yum! Brands,Restaurants,"Louisville, Kentucky"
Zebra Technologies,Electronic Equipment & Instruments,"Lincolnshire, Illinois"
Zimmer Biomet,Health Care Equipment,"Warsaw, Indiana"
Zoetis,Pharmaceuticals,"Parsippany, New Jersey"
